Unnamed: 0,iso3,country,hdicode,hdi_rank_2022,gii_rank_2022,year,hdi,life_expectancy,pop_millions,hdi_f,hdi_m,life_expec_f,life_expec_m,expec_yr_school,expec_yr_school_f,expec_yr_school_m,mean_yr_school,mean_yr_school_f,mean_yr_school_m,gross_inc_percap,gross_inc_percap_f,gross_inc_percap_m,gender_development,gender_inequality,secondary_education_f_%,secondary_education_m_%,seats_in_parliament_f_%,seats_in_parliament_m_%,labour_participation_f_%,labour_participation_m_%,co2_emission_tons,mat_footprint_percap_tons
33,AFG,Afghanistan,Low,182.0,162.0,2022,0.462,62.879,41.128771,0.332443297,0.534144723,66.213,59.766,10.70538475,8.053256911,13.22844948,2.514790058,1.174129963,3.912739992,1335.205733,395.9154586,2256.217507,0.622,0.665,7.042049885,24.07703972,27.21518987,72.78481013,23.33,77.09,0.306318324,1.1809
66,ALB,Albania,High,74.0,34.0,2022,0.789,76.833,2.842321,0.780277105,0.798432468,79.472,74.502,14.48746967,14.68103981,14.29220009,10.12114431,9.811468219,10.43385538,15293.32651,13198.53956,17398.00369,0.977,0.116,82.24918524,86.47663419,35.71428571,64.28571429,56.08,69.91,1.717757671,11.7367
99,DZA,Algeria,High,93.0,114.0,2022,0.745,77.129,44.903225,0.681844236,0.773800103,78.457,75.853,15.48787975,16.26417923,14.74388027,6.987443608,6.490567748,7.481537359,10978.40571,3841.656612,17858.79078,0.881,0.46,42.91045642,46.81516971,7.00525394,92.99474606,17.57,65.53,4.079540189,8.7199
132,AND,Andorra,Very High,35.0,,2022,0.884,83.552,0.079824,,,85.838,81.43,12.7837801,12.76506042,12.81062984,11.61343956,11.52258968,11.70438004,54233.44948,,,,,81.71827698,84.59999847,46.42857143,53.57142857,,,4.593592631,
165,AGO,Angola,Medium,150.0,133.0,2022,0.591,61.929,35.588987,0.560890287,0.619679764,64.541,59.351,12.1676,11.5354,12.9099,5.844291601,4.462809114,7.1879602,5327.788251,4696.356687,5973.845631,0.905,0.52,21.33986532,37.41194629,33.63636364,66.36363636,74.73,78.16,0.507358992,3.6568
198,ATG,Antigua and Barbuda,Very High,54.0,,2022,0.826,79.236,0.093763,,,81.645,76.507,15.51232774,16.74628979,14.35053709,10.54622968,10.3442228,10.59597506,18783.96536,,,,,,,31.42857143,68.57142857,,,6.401055579,
231,ARG,Argentina,Very High,48.0,71.0,2022,0.849,76.064,45.510318,0.841405452,0.845472815,79.277,72.851,18.97950935,20.91489983,17.13032913,11.14408016,11.39165974,10.85797977,22047.97131,16933.06291,27264.83091,0.995,0.292,73.59154056,71.6480851,44.3768997,55.6231003,52.08,71.74,4.190779468,14.4512
264,ARM,Armenia,High,76.0,50.0,2022,0.786,73.372,2.780469,0.795110468,0.774941834,78.447,67.866,14.40561008,14.81291008,14.02233982,11.33030033,11.32151985,11.34119034,15388.29976,13442.50133,17770.4153,1.026,0.198,96.00138092,97.05095673,35.51401869,64.48598131,62.8,71.84,2.531087713,7.3553
297,AUS,Australia,Very High,10.0,17.0,2022,0.946,83.579,26.1774135,0.934601518,0.955940587,85.453,81.708,21.0800209,21.98143005,20.19375992,12.72681999,12.81058979,12.63971043,49257.1352,41131.47085,57495.77158,0.978,0.063,94.58006287,94.43006897,44.49339207,55.50660793,62.31,71.13,14.91476303,26.9245
330,AUT,Austria,Very High,22.0,12.0,2022,0.926,82.412,8.939617,0.911591936,0.937756448,84.6,80.15,16.36746025,16.83849907,15.92267036,12.30571367,12.04894857,12.57887231,56529.66329,41899.21124,71616.2043,0.972,0.048,100.0,100.0,40.98360656,59.01639344,56.55,66.69,7.399461247,27.9621
363,AZE,Azerbaijan,High,89.0,77.0,2022,0.76,73.488,10.358074,0.743349756,0.773371293,76.249,70.55,12.71063042,12.67574024,12.74398041,10.55612992,10.21799194,10.91843537,15018.05443,11526.15794,18603.12947,0.961,0.329,93.5774011,97.57326992,18.33333333,81.66666667,61.9,69.6,3.717029937,8.3385
396,BHS,Bahamas,Very High,57.0,79.0,2022,0.82,74.358,0.409984,0.822293357,0.816891253,77.843,70.757,11.89137971,12.16470981,11.61521687,12.73161494,12.82493607,12.65641572,32534.88784,28374.91931,37084.66455,1.007,0.333,86.76156148,90.02490432,20.0,80.0,68.96,73.91,5.14996102,16.6713
429,BHR,Bahrain,Very High,34.0,45.0,2022,0.888,79.246,1.472233,0.847333815,0.90429854,80.497,78.242,16.29968071,17.0064106,15.73036003,11.04658985,10.78437042,11.17325974,48731.44564,22722.17852,64699.53364,0.937,0.181,79.90357208,83.08016205,22.5,77.5,42.43,85.77,26.05303892,20.3063
462,BGD,Bangladesh,Medium,129.0,127.0,2022,0.67,73.698,171.1863725,0.63460476,0.694222638,76.012,71.514,11.94633007,12.40666962,11.50172043,7.379059792,6.755380154,8.020810127,6511.122178,3684.291333,9386.85327,0.914,0.498,43.65986785,50.50793677,20.85714286,79.14285714,39.15,81.39,0.583152966,4.6457
495,BRB,Barbados,Very High,62.0,70.0,2022,0.809,77.706,0.281635,0.815370599,0.791955966,79.581,75.677,16.53069367,18.28634039,14.7716475,9.89206168,10.35100499,9.098828828,14810.23783,12594.97579,17213.53176,1.03,0.289,95.72636154,86.27997705,32.65306122,67.34693878,58.17,65.14,4.361308677,
528,BLR,Belarus,Very High,69.0,29.0,2022,0.801,73.246,9.5349545,0.801134982,0.798781621,78.384,68.09,13.98153019,13.91798019,14.04238033,12.24122445,12.26702163,12.20894866,18425.01061,14502.49303,23021.57386,1.003,0.096,98.37734548,99.45970879,34.70588235,65.29411765,65.79,75.26,6.362198529,
561,BEL,Belgium,Very High,12.0,11.0,2022,0.942,82.293,11.65593,0.928892167,0.9522897,84.367,80.16,18.94573975,19.9310894,17.99295044,12.52857789,12.50440062,12.55379975,53644.03854,43720.35057,63804.35597,0.975,0.044,88.69869175,90.74669673,44.28571429,55.71428571,50.8,59.54,8.23913942,26.5463
594,BLZ,Belize,High,118.0,113.0,2022,0.7,70.962,0.4052725,0.691356814,0.704094307,74.685,67.721,12.42656994,12.80862045,12.05408001,8.847599983,9.042070389,8.652890205,9242.082259,6318.806742,12133.48464,0.982,0.454,54.48728943,49.83901978,19.56521739,80.43478261,48.56,75.61,1.755038984,9.775
627,BEN,Benin,Low,173.0,160.0,2022,0.504,59.954,13.352864,0.461636484,0.544450366,61.676,58.265,10.30257988,9.462470055,11.12106991,3.137261725,2.059994265,4.401454468,3406.072937,2603.750395,4205.30987,0.848,0.649,9.189770574,21.49103186,7.407407407,92.59259259,51.59,67.8,0.639583531,4.4761
660,BTN,Bhutan,Medium,125.0,80.0,2022,0.681,72.229,0.782455,0.669679955,0.690410405,74.152,70.57,13.06449041,13.59799871,12.55190209,5.835794662,5.211722545,6.330068068,10624.87388,9342.861603,11766.25908,0.97,0.334,26.6817707,34.25285327,15.71428571,84.28571429,53.48,73.45,1.366198234,24.7398
693,BOL,Bolivia (Plurinational State of),Medium,120.0,105.0,2022,0.698,64.928,12.22411,0.686215519,0.71118959,67.907,62.265,15.02243817,15.13321182,14.90989854,9.827750206,9.216730118,10.49209023,7987.842247,6726.868071,9242.926257,0.965,0.418,58.40999985,69.51999664,48.19277108,51.80722892,71.84,85.03,1.798596826,11.3196
726,BIH,Bosnia and Herzegovina,High,80.0,40.0,2022,0.779,75.293,3.2335265,0.758684982,0.79727976,77.498,73.126,13.27705956,13.77554035,12.80607986,10.53631973,9.778189659,11.35262966,16571.41275,12419.85276,20853.11145,0.952,0.148,82.73858643,94.02471924,17.54385965,82.45614035,41.11,61.8,6.095489894,13.8976
759,BWA,Botswana,High,114.0,120.0,2022,0.708,65.913,2.630296,0.706553532,0.70818007,68.399,63.328,11.42568016,11.77283955,11.08065033,10.42,10.36,10.47,14841.57836,13675.9711,16036.5159,0.998,0.483,92.1,92.5,11.11111111,88.88888889,60.06,69.71,2.370748521,7.9684
792,BRA,Brazil,High,89.0,94.0,2022,0.76,73.425,215.313498,0.758197177,0.758060299,76.596,70.296,15.5788002,16.22303963,14.95001984,8.278307638,8.486056479,8.039534208,14615.89235,11291.52637,18061.22633,1.0,0.391,67.40000153,64.97000122,17.50841751,82.49158249,53.75,73.64,2.319857519,17.0975
825,BRN,Brunei Darussalam,Very High,55.0,68.0,2022,0.823,74.551,0.4490015,0.81438208,0.828827421,76.791,72.509,13.69861984,14.17733955,13.25224972,9.22,9.23,9.23,59245.63485,44702.92641,72823.32823,0.983,0.279,70.9,71.5,9.090909091,90.90909091,54.89,71.65,25.37625765,37.8287
858,BGR,Bulgaria,High,70.0,53.0,2022,0.799,71.528,6.781953,0.796689706,0.800341486,75.08,68.278,13.86802959,14.12744999,13.62205982,11.41318035,11.50780964,11.30865955,25920.80375,20700.00207,31466.04791,0.995,0.206,94.88394165,96.54078674,24.16666667,75.83333333,50.57,63.11,6.14038782,16.5341
891,BFA,Burkina Faso,Low,185.0,146.0,2022,0.438,59.766,22.673762,0.408973007,0.464030731,61.505,57.953,8.091560364,8.18846035,8.001529694,2.318685239,1.634014826,3.090802176,2036.997179,1453.770925,2624.118024,0.881,0.577,11.1812398,20.34372055,16.90140845,83.09859155,27.54,40.97,0.266000829,2.4607
924,BDI,Burundi,Low,187.0,128.0,2022,0.42,61.977,12.8895765,0.404064715,0.436317438,63.868,60.077,9.966378953,10.19314993,9.747024594,3.305215598,2.636837474,4.066341066,712.0260007,635.6426737,789.4561469,0.926,0.499,8.178422559,13.76234396,38.88888889,61.11111111,77.99,79.12,0.063739656,1.6002
957,CPV,Cabo Verde,Medium,131.0,75.0,2022,0.661,74.722,0.5931495,0.651791582,0.664166564,79.011,70.29,11.53066323,11.77959971,11.28772218,6.09003905,5.807281856,6.329140157,7601.085433,5731.943011,9491.323885,0.981,0.325,28.82934555,31.68248541,38.88888889,61.11111111,46.71,62.76,0.950563422,
990,KHM,Cambodia,Medium,148.0,122.0,2022,0.6,69.896,16.7678425,0.576517877,0.622698032,72.622,67.117,11.56094805,11.32613074,11.79576536,5.197100163,4.373630047,6.200459957,4291.113168,3562.784253,5034.254198,0.926,0.486,16.44873047,29.0128994,19.2513369,80.7486631,73.73,85.82,1.213483157,10.8996
1023,CMR,Cameroon,Medium,151.0,142.0,2022,0.587,60.958,27.9145365,0.555867233,0.617803051,62.556,59.392,13.38097793,12.67795079,14.08810474,6.537401781,5.633947949,7.557694411,3681.469988,3048.080792,4318.020666,0.9,0.555,24.53424513,39.3197935,31.07142857,68.92857143,66.82,76.83,0.378614686,4.0
1056,CAN,Canada,Very High,18.0,18.0,2022,0.935,82.847,38.454327,0.92881357,0.93963864,84.797,80.868,15.96065044,16.53586006,15.41615009,13.86876597,13.96031896,13.77025173,48444.39319,39765.34331,57229.57642,0.988,0.069,97.76331517,97.59402898,35.03480278,64.96519722,61.48,69.5,14.0787192,37.1593
1089,CAF,Central African Republic,Low,191.0,,2022,0.387,54.477,5.5791435,,,56.829,52.258,7.285887393,6.094853701,8.441895364,3.9531639,2.656642005,5.414050624,869.11237,,,,,14.2,31.8,12.85714286,87.14285714,,,0.045672158,3.1208
1122,TCD,Chad,Low,189.0,163.0,2022,0.394,52.997,17.7233145,0.342368178,0.44124294,54.769,51.3,8.185526568,6.846322732,9.503698126,2.282753488,1.2932629,3.46862315,1388.897502,991.4082556,1783.317579,0.776,0.671,3.666509381,14.95313718,25.88832487,74.11167513,51.14,74.98,0.143576096,8.3445
1155,CHL,Chile,Very High,44.0,49.0,2022,0.86,79.519,19.603733,0.846799773,0.86998757,81.877,77.156,16.76792908,17.08077049,16.46307945,11.11136804,11.02533818,11.21349116,24430.99593,18611.52012,30337.00368,0.973,0.19,82.16999817,84.41999817,32.68292683,67.31707317,50.13,70.64,4.567606811,15.7636
1188,CHN,China,High,75.0,47.0,2022,0.788,78.587,1425.887337,0.771342655,0.802193998,81.343,75.963,15.21793605,15.65643534,14.83649776,8.106910446,7.543190438,8.670630455,18024.88747,13291.58537,22566.93868,0.962,0.186,79.70198229,86.36580148,24.94117647,75.05882353,53.76,74.54,7.9502786,24.2832
1221,COL,Colombia,High,91.0,95.0,2022,0.758,73.659,51.874024,0.756184811,0.758077817,77.143,70.319,14.43749046,14.67448044,14.20670033,8.862859726,9.016329765,8.697070122,15013.92724,12251.92566,17853.98777,0.998,0.392,59.72999954,57.13999939,29.15254237,70.84745763,51.11,76.21,1.858932279,8.8213
1254,COM,Comoros,Medium,152.0,,2022,0.586,63.68,0.8367735,0.558359817,0.61100987,66.061,61.522,13.03771042,13.37298971,12.74388235,6.209056832,5.222353096,7.306295772,3260.555466,2338.273418,4174.191881,0.914,,,,16.66666667,83.33333333,41.13,59.35,0.50525483,
1287,COG,Congo,Medium,149.0,144.0,2022,0.593,63.053,5.970424,0.563692718,0.619818312,64.617,61.513,12.41647044,12.99831126,11.90996567,8.250552585,7.242174036,9.384527352,2902.808037,2085.221106,3722.266332,0.909,0.572,32.08125585,50.04781946,15.90909091,84.09090909,44.1,63.85,1.243341537,3.7043
1320,COD,Congo (Democratic Republic of the),Low,180.0,152.0,2022,0.481,59.743,99.010212,0.454266064,0.509688536,62.05,57.516,9.579486913,9.550751016,9.739098794,7.206164799,5.849373167,8.817830039,1080.138308,916.9209322,1245.928128,0.891,0.605,38.78568082,65.70857476,14.77832512,85.22167488,60.01,66.37,0.041094283,2.0512
1353,CRI,Costa Rica,Very High,64.0,58.0,2022,0.806,77.32,5.180829,0.803380043,0.807468458,80.036,74.762,16.09200378,16.66074974,15.55136609,8.804059982,8.892390251,8.702249527,20248.38031,16531.18692,23964.72716,0.995,0.232,50.18999863,48.08000183,47.36842105,52.63157895,50.08,72.85,1.485363576,12.2356
1386,CIV,CÃ´te d'Ivoire,Low,166.0,156.0,2022,0.534,58.916,28.1605425,0.492226546,0.571796123,60.282,57.686,10.10165024,9.532830238,10.6576004,4.23697763,3.055541139,5.419369475,5376.396062,4063.05563,6664.736678,0.861,0.612,13.54285555,29.33250436,15.58073654,84.41926346,54.53,71.21,0.4268649,
1419,HRV,Croatia,Very High,39.0,25.0,2022,0.878,79.236,4.0303575,0.87481658,0.88084805,82.0,76.415,15.57269955,16.48468971,14.72340965,12.32871821,12.11152878,12.57882072,34323.80663,27572.96852,41433.25206,0.993,0.087,95.49993813,97.4147363,31.78807947,68.21192053,46.85,58.24,4.288182536,14.7661
1452,CUB,Cuba,High,85.0,73.0,2022,0.764,78.155,11.212191,0.750389588,0.771034949,80.565,75.793,14.46930027,15.2621603,13.71632957,10.54807197,10.64826957,10.43816796,7953.448426,5571.103594,10372.96853,0.973,0.3,78.57671636,81.80157682,53.41296928,46.58703072,55.52,83.96,1.860332974,5.5922
1485,CYP,Cyprus,Very High,29.0,62.0,2022,0.907,81.889,1.2514885,0.89523945,0.916327617,83.673,80.068,16.24308968,16.64411926,15.84014034,12.44017029,12.41040993,12.47198009,40136.89453,31776.53303,48469.74499,0.977,0.253,81.13751221,84.81717682,14.28571429,85.71428571,59.63,71.07,5.64978926,21.7943
1518,CZE,Czechia,Very High,32.0,32.0,2022,0.895,78.129,10.493986,0.888202714,0.898692097,81.22,75.106,16.3472805,16.93660927,15.79063034,12.91605342,12.77560331,13.06446025,39944.66682,30760.8669,49403.90584,0.988,0.113,99.84135245,99.77364732,23.48754448,76.51245552,52.16,67.89,9.196792884,18.5818
1551,DNK,Denmark,Very High,5.0,1.0,2022,0.952,81.882,5.8822615,0.941874137,0.959920139,83.802,79.958,18.77403069,19.37519073,18.19271088,12.96049023,13.15695,12.76414967,62018.95694,51753.40967,72387.09453,0.981,0.009,95.06726074,95.23809814,43.57541899,56.42458101,59.42,67.42,5.057582197,24.2328
1584,DJI,Djibouti,Low,171.0,,2022,0.515,62.859,1.1208485,0.466363074,0.552363049,65.503,60.336,8.028374362,8.217637318,7.969712994,3.889984156,2.853793993,5.128992214,4874.51828,2306.84942,7480.589233,0.844,,,,26.15384615,73.84615385,18.22,48.06,0.411412528,11.5114
1617,DMA,Dominica,High,97.0,,2022,0.74,72.981,0.0727375,,,76.451,69.875,13.55048385,14.39806186,12.73423764,9.1863441,8.9922852,9.7163593,12467.85548,,,,,,,34.375,65.625,,,2.096613821,
1650,DOM,Dominican Republic,High,82.0,107.0,2022,0.766,74.17,11.228821,0.775189681,0.753078886,77.536,71.044,13.55698967,14.77552032,12.3408699,9.150526383,9.559819495,8.726742414,18653.26836,14773.33355,22505.86309,1.029,0.433,67.51000214,64.23000336,25.67567568,74.32432432,50.86,76.93,2.139348057,8.4568
1683,ECU,Ecuador,High,83.0,89.0,2022,0.765,77.894,18.001,0.760348324,0.768269604,80.481,75.313,14.86483955,15.3018198,14.44118023,8.969750404,8.920129776,9.026610374,10693.23484,9147.245608,12244.69524,0.99,0.371,54.06529999,54.19174957,38.68613139,61.31386861,53.57,76.93,2.23241865,7.7356
1716,EGY,Egypt,High,105.0,93.0,2022,0.728,70.159,110.990103,0.664446666,0.752029092,72.557,67.869,12.91180992,12.79423046,13.0234499,9.84810224,10.22875714,9.570965578,12360.8163,3738.527047,20789.67605,0.884,0.389,85.93412225,78.72511144,22.78338945,77.21661055,15.34,69.1,2.259567808,8.4482
1749,SLV,El Salvador,Medium,127.0,87.0,2022,0.674,71.475,6.336392,0.661702566,0.680679223,75.813,66.837,11.9099355,12.23986755,11.60951185,7.150929928,6.769279957,7.624269962,8886.173528,6244.001459,11794.02332,0.972,0.369,42.65000153,51.43000031,27.38095238,72.61904762,46.38,77.71,1.185857137,8.2267
1782,GNQ,Equatorial Guinea,Medium,133.0,,2022,0.65,61.19,1.674908,,,63.261,59.432,12.13132742,11.95497827,12.299904,8.281327014,8.1781822,8.384471829,10662.65921,,,,,,,27.01149425,72.98850575,,,3.444060629,5.0042
1815,ERI,Eritrea,Low,175.0,,2022,0.493,66.604,3.6840315,,,68.678,64.457,7.318835512,6.863511833,7.777853741,5.09136442,3.975357679,5.712372783,1957.046464,,,,,,,22.0,78.0,,,0.193472275,3.0986
1848,EST,Estonia,Very High,31.0,27.0,2022,0.899,79.155,1.326062,0.907665242,0.888320068,82.987,74.983,15.94297981,16.80971909,15.13871002,13.54843044,13.78102016,13.2729702,37151.63384,31199.43533,43736.51894,1.022,0.093,97.55341339,98.1432724,25.74257426,74.25742574,60.63,71.38,7.842170661,27.2939
1881,SWZ,Eswatini (Kingdom of),Medium,142.0,124.0,2022,0.61,56.36,1.2016705,0.606335376,0.614108904,60.599,52.647,14.92692756,14.39192655,15.45966716,5.73,5.81,5.65,8391.855111,6958.217818,9847.944426,0.987,0.491,35.3,37.3,21.15384615,78.84615385,44.87,51.48,0.948945332,
1914,ETH,Ethiopia,Low,176.0,125.0,2022,0.492,65.645,123.3799245,0.472012672,0.512007837,68.903,62.613,9.938743514,10.23005914,9.755085884,2.390854081,1.671867083,3.197108271,2368.758391,1762.089313,2969.746197,0.922,0.494,7.456801249,13.14200887,38.92508143,61.07491857,57.6,79.2,0.157292351,3.6734
1947,FJI,Fiji,High,104.0,78.0,2022,0.729,68.312,0.929766,0.700314627,0.744878562,70.239,66.465,13.84869,14.3983,13.34579,10.37096977,10.43344021,10.30622005,11233.65882,6282.37104,16158.24317,0.94,0.332,66.0850296,61.26940155,19.60784314,80.39215686,37.26,77.71,1.174224808,
1980,FIN,Finland,Very High,12.0,6.0,2022,0.942,82.351,5.5407455,0.936606231,0.946922104,84.886,79.792,19.22859001,20.25945091,18.25875092,12.92915501,13.11326253,12.73550842,49522.09853,42302.02889,56913.94186,0.989,0.032,99.2017433,98.8740322,45.5,54.5,58.17,64.18,6.854598056,33.8664
2013,FRA,France,Very High,28.0,24.0,2022,0.91,83.229,64.626628,0.903026661,0.915940604,85.967,80.356,15.98756027,16.40241051,15.58458042,11.68859246,11.53085299,11.86492408,47378.74304,38135.29845,57262.85695,0.986,0.084,84.29435712,88.33190192,36.43243243,63.56756757,52.52,60.18,4.753896411,18.0518
2046,GAB,Gabon,Medium,123.0,136.0,2022,0.693,65.694,2.3889925,0.682986627,0.695840439,68.359,63.361,12.43426472,12.5830284,12.28550104,9.55,10.42,8.7,11194.21884,7295.504913,14958.16542,0.982,0.524,70.4,55.3,18.0952381,81.9047619,34.71,56.19,2.51172593,5.9062
2079,GMB,Gambia,Low,174.0,149.0,2022,0.495,62.906,2.705992,0.480911138,0.511417074,64.344,61.481,8.977899686,9.860675743,8.135247991,4.512420177,3.672250032,5.590479851,2089.626826,1792.142484,2390.054779,0.94,0.585,26.04137039,40.72243118,8.620689655,91.37931034,59.0,64.46,0.2867667,2.9118
2112,GEO,Georgia,Very High,60.0,69.0,2022,0.814,71.587,3.7443855,0.814951713,0.811037536,76.461,66.76,16.72682953,17.00892067,16.46575928,12.70217037,12.7620697,12.6304903,15952.02452,12236.81376,20140.8918,1.005,0.283,98.21996307,98.68755341,19.04761905,80.95238095,55.48,73.5,2.942032688,10.9324
2145,DEU,Germany,Very High,7.0,19.0,2022,0.95,80.989,83.369843,0.931832488,0.964414308,83.487,78.512,17.34334946,17.36997986,17.31982994,14.25594044,13.99030018,14.53505039,55340.19722,41022.15306,70040.15019,0.966,0.071,95.4335022,95.93977356,34.82032218,65.17967782,56.13,66.59,8.138240833,19.8636
2178,GHA,Ghana,Medium,145.0,130.0,2022,0.602,63.945,33.4758705,0.582637204,0.624513381,66.13,61.805,11.58627987,11.4822998,11.68865013,6.432318439,5.553439108,7.614237597,5380.271535,4793.640168,5969.912165,0.933,0.512,59.1002853,73.97693434,14.54545455,85.45454545,72.07,73.07,0.638570347,6.0884
2211,GRC,Greece,Very High,33.0,37.0,2022,0.893,80.614,10.384971,0.878485673,0.906792282,83.317,78.022,20.02638054,20.19031906,19.89185905,11.40853024,11.09685993,11.74693966,31381.667,24820.92808,38226.62689,0.969,0.12,69.86016083,77.78988647,21.0,79.0,44.67,60.36,5.510223913,16.2231
2244,GRD,Grenada,High,73.0,,2022,0.793,75.335,0.1254375,0.781133019,0.800655201,78.298,72.588,16.58226156,17.12523042,16.06465362,9.85796464,9.79266232,9.92326696,13593.24958,9774.724657,17411.50054,0.976,,,,31.03448276,68.96551724,37.65,54.31,2.647058824,
2277,GTM,Guatemala,Medium,136.0,117.0,2022,0.629,68.674,17.843908,0.604452189,0.649278859,71.754,65.697,10.76720388,10.64086602,10.89184573,5.668648013,5.204884199,6.253097976,8996.415822,6114.072504,11938.19197,0.931,0.474,31.06823311,37.79858434,19.375,80.625,41.53,82.79,1.117824857,9.1196
2310,GIN,Guinea,Low,181.0,154.0,2022,0.471,58.985,13.8593405,0.421592477,0.515327208,60.238,57.643,10.20014763,9.130434204,11.23679054,2.35910296,1.402865117,3.446465852,2404.165832,1719.196362,3104.255804,0.818,0.609,7.484393948,20.03857033,29.62962963,70.37037037,44.6,66.95,0.359690645,4.6039
2343,GNB,Guinea-Bissau,Low,179.0,159.0,2022,0.483,59.861,2.1055655,0.450957711,0.523302804,61.929,57.671,10.5316806,10.38217728,11.59337933,3.673035,2.470246,5.062823,1879.853611,1487.419019,2282.042082,0.862,0.631,10.89719,24.57486,13.7254902,86.2745098,52.11,66.12,0.155794986,
2376,GUY,Guyana,High,95.0,104.0,2022,0.742,65.989,0.8087255,0.737710942,0.743418187,69.399,62.778,13.02205765,13.32177301,12.73665117,8.627408726,8.703121311,8.529075547,35782.90961,26504.52076,45454.04286,0.992,0.416,58.74348609,56.44360471,35.38461538,64.61538462,37.81,53.38,4.429587592,
2409,HTI,Haiti,Medium,158.0,158.0,2022,0.552,63.728,11.5849955,0.530890335,0.571422628,66.695,60.892,11.13756869,11.08701137,11.188126,5.609468426,5.093575575,6.281492463,2801.712516,2110.190095,3506.197932,0.929,0.621,28.04501983,36.9299118,2.739726027,97.26027397,48.81,65.95,0.211870311,2.6831
2442,HND,Honduras,Medium,138.0,102.0,2022,0.624,70.728,10.4328595,0.615904261,0.632366731,73.157,68.461,9.961707633,10.32103672,9.593739133,7.296200514,6.867461256,7.756288523,5271.604988,4694.873933,5837.184487,0.974,0.413,34.76135231,31.38680084,27.34375,72.65625,49.63,81.07,1.054158038,6.0778
2475,HKG,"Hong Kong, China (SAR)",Very High,4.0,,2022,0.956,84.315,7.488865,0.942671483,0.96951481,86.893,81.754,17.8495903,17.87204933,17.84137917,12.34776974,11.99598026,12.78872013,62485.50516,51562.96012,75269.83474,0.972,,77.86691284,84.06780243,,,52.91,64.71,4.373241562,
2508,HUN,Hungary,Very High,47.0,56.0,2022,0.851,74.958,9.9673075,0.845642227,0.854651999,78.309,71.552,15.07330036,15.42617989,14.73847008,12.24958992,12.09698963,12.42362022,34195.54059,27202.66704,41767.98773,0.989,0.23,97.61313629,98.82952881,14.07035176,85.92964824,53.68,67.75,5.001541744,17.8848
2541,ISL,Iceland,Very High,3.0,9.0,2022,0.959,82.815,0.3728985,0.945677273,0.969440078,84.288,81.382,19.10672951,20.50425911,17.83465958,13.76716995,13.86952972,13.67177963,54688.37921,45506.33897,63420.31049,0.975,0.039,99.76841736,99.66255188,47.61904762,52.38095238,70.7,78.29,9.478175166,27.4469
2574,IND,India,Medium,134.0,108.0,2022,0.644,67.744,1417.173173,0.582116956,0.683509529,69.384,66.257,12.58370972,12.60725021,12.56225967,6.570700169,5.529439926,7.625889778,6950.526798,2957.853786,10696.44788,0.852,0.437,40.95923996,58.66342926,14.63414634,85.36585366,28.26,76.14,1.899893859,4.7841
2607,IDN,Indonesia,High,112.0,109.0,2022,0.713,68.25,275.501339,0.68784301,0.731616717,70.437,66.181,13.97573724,14.07574064,13.88177094,8.556509972,8.206930161,8.912110329,12045.56544,8111.198281,15925.89053,0.94,0.439,51.00518036,58.21279907,21.91304348,78.08695652,52.5,81.45,2.249929938,7.0195
2640,IRN,Iran (Islamic Republic of),High,78.0,121.0,2022,0.78,74.556,88.55057,0.709665743,0.806166235,77.453,71.93,14.11717033,14.16625023,14.06774998,10.74618321,10.74479281,10.75073807,14770.32307,4139.827814,25191.93545,0.88,0.484,73.06498735,77.32628477,5.594405594,94.40559441,13.58,67.54,7.825883093,8.9111
2673,IRQ,Iraq,Medium,128.0,143.0,2022,0.673,71.336,44.4961215,0.568529848,0.723617504,73.362,69.162,12.22275571,11.6435291,12.7723928,6.811878947,5.648159084,7.995557168,9091.865377,2086.880407,16070.25809,0.786,0.562,25.29957764,40.35295432,28.87537994,71.12462006,10.77,68.24,3.872579593,5.2271
2706,IRL,Ireland,Very High,7.0,20.0,2022,0.95,82.716,5.0231085,0.94283834,0.951391575,84.412,81.017,19.12610054,19.47579956,18.77157974,11.6569568,11.86322577,11.43763109,87467.51391,66876.42142,108423.6108,0.991,0.072,88.5856389,86.41741482,27.39726027,72.60273973,59.4,70.51,7.529751173,26.3467
2739,ISR,Israel,Very High,25.0,26.0,2022,0.915,82.601,9.038309,0.909960997,0.917964595,84.508,80.625,15.02984047,15.58275986,14.49588013,13.44279092,13.49055743,13.39140912,43588.25725,37414.65081,49792.14767,0.991,0.092,92.49434106,94.50644355,23.33333333,76.66666667,61.15,68.54,6.162801842,30.2337
2772,ITA,Italy,Very High,30.0,14.0,2022,0.906,84.057,59.037474,0.889609164,0.918484781,86.0,81.974,16.65806007,17.14426994,16.2088604,10.7401104,10.60560989,10.8870697,44284.15735,31412.84197,57808.10521,0.969,0.057,78.6272583,86.09230804,33.00330033,66.99669967,40.69,58.08,5.692573044,14.827
2805,JAM,Jamaica,High,115.0,83.0,2022,0.706,70.629,2.827377,0.709739831,0.698557952,72.737,68.532,12.45977059,13.58827636,11.37668741,9.248188719,9.859584688,8.602610175,9694.522766,7647.112734,11774.95699,1.016,0.35,74.82249179,67.03675933,30.95238095,69.04761905,56.04,69.93,2.337027155,7.7139
2838,JPN,Japan,Very High,24.0,22.0,2022,0.92,84.82,123.951692,0.903613096,0.933381383,87.832,81.782,15.45631981,15.42416954,15.48670959,12.66923046,12.3520298,13.01966953,43643.86417,33478.22333,54395.40942,0.968,0.078,98.21291351,99.0597229,15.4494382,84.5505618,54.2,71.4,8.523454263,18.4618
2871,JOR,Jordan,High,99.0,111.0,2022,0.736,74.215,11.2858685,0.661558113,0.766688653,76.675,72.12,12.62659427,12.88729797,12.37726514,10.44668007,10.07157993,10.8373003,9294.801499,2752.787924,15380.3539,0.863,0.449,77.37870026,84.21157074,13.33333333,86.66666667,13.81,60.71,2.033264689,7.5563
2904,KAZ,Kazakhstan,Very High,67.0,42.0,2022,0.802,69.489,19.397998,0.799245143,0.801206388,72.995,65.776,14.81626987,15.02602959,14.61163998,12.43337895,12.45658094,12.40757382,22586.79889,18595.14333,26889.65873,0.998,0.177,100.0,100.0,24.67532468,75.32467532,63.3,74.6,13.2911398,15.648
2937,KEN,Kenya,Medium,146.0,139.0,2022,0.601,62.055,54.027487,0.584533654,0.616722811,64.686,59.579,11.38448201,11.3814695,11.39047431,7.686359882,7.109600067,8.342940331,4807.716317,3976.574003,5653.521006,0.948,0.533,54.59402847,63.49470139,24.75961538,75.24038462,62.85,72.58,0.461419049,4.3545
2970,KIR,Kiribati,Medium,137.0,,2022,0.628,67.661,0.1312315,0.555173243,0.653814373,69.386,65.731,11.80302,12.42732,11.25373,9.128581569,9.292067793,8.965095345,3440.416745,1099.924275,5903.401423,0.849,,,,6.666666667,93.33333333,16.11,73.04,0.534002204,
3003,PRK,Korea (Democratic People's Rep. of),,,,2022,,73.578,26.0694165,,,76.146,70.973,,,,,,,,,,,,,,17.61280932,82.38719068,,,1.976608651,
3036,KOR,Korea (Republic of),Very High,19.0,16.0,2022,0.929,84.024,51.8158095,0.900442755,0.949875454,87.101,80.695,16.50964928,16.13555908,16.84387016,12.61409234,11.97633078,13.25834512,46026.4542,31062.94566,61036.76288,0.948,0.062,83.78057161,93.54354944,18.6440678,81.3559322,55.04,73.66,11.88642384,24.6944
3069,KWT,Kuwait,Very High,49.0,51.0,2022,0.847,80.264,4.268873,0.847552134,0.835979298,82.752,78.878,15.6911416,17.84918291,13.82607425,7.441742908,8.272894602,7.039573868,56729.18152,28017.72588,75231.9156,1.014,0.199,61.80728762,56.45168673,6.25,93.75,44.41,88.45,24.30127757,43.9514
3102,KGZ,Kyrgyzstan,High,117.0,81.0,2022,0.701,70.484,6.630623,0.689893361,0.707296353,74.929,66.218,12.99493027,13.15699005,12.83446026,11.96131992,11.88298442,12.04857289,4781.692046,3442.104307,6170.485612,0.975,0.345,92.35070479,94.40516115,20.45454545,79.54545455,52.49,78.01,1.445185572,4.4378
3135,LAO,Lao People's Democratic Republic,Medium,139.0,116.0,2022,0.62,68.999,7.529475,0.593276278,0.64528511,71.164,66.94,10.18749046,10.00139046,10.36781025,5.94697053,4.995009421,6.917600722,7744.837346,6379.81054,9088.32332,0.919,0.467,18.6842884,30.41258525,21.95121951,78.04878049,61.47,70.76,3.147046548,12.1668
3168,LVA,Latvia,Very High,37.0,39.0,2022,0.879,75.927,1.850651,0.88656922,0.867729074,80.088,71.49,16.55606079,17.2518692,15.8921299,13.33330305,13.64862723,12.97307424,32082.98104,26344.50355,38715.98288,1.022,0.142,99.8234528,99.34465956,30.0,70.0,55.61,67.89,3.863827625,23.8978
3201,LBN,Lebanon,High,109.0,86.0,2022,0.723,74.416,5.4897395,0.689545665,0.743431443,76.597,72.237,12.05109224,12.79566002,11.29957437,8.602969077,8.047852662,9.158085491,12313.42257,6545.545361,18438.82237,0.928,0.365,54.74398998,61.07482541,6.25,93.75,29.81,70.17,4.19696919,9.1979
3234,LSO,Lesotho,Low,168.0,141.0,2022,0.521,53.036,2.3058255,0.519217112,0.519562728,55.923,50.319,11.07051125,11.38711406,10.75514209,7.545058784,8.189024107,6.809400799,2708.731464,2128.814223,3304.367697,0.999,0.552,34.12507847,29.69854533,25.97402597,74.02597403,51.55,64.95,1.087245239,
3267,LBR,Liberia,Low,177.0,161.0,2022,0.487,61.1,5.302681,0.450796583,0.524471625,62.392,59.796,10.46585369,10.14880276,10.81455135,5.318104412,3.62626494,7.249448013,1330.419917,1162.707312,1499.483837,0.86,0.656,19.72875425,45.78054035,9.708737864,90.29126214,43.51,50.05,0.166607104,2.3086
3300,LBY,Libya,High,92.0,65.0,2022,0.746,72.151,6.812341,0.738708929,0.747568012,74.759,69.736,13.977117,14.80444533,13.472613,7.77860643,8.435953453,7.18500215,19751.56758,12072.92702,27248.02915,0.988,0.266,62.1799143,45.33414026,16.47058824,83.52941176,32.76,59.86,9.491235476,14.6135
3333,LIE,Liechtenstein,Very High,12.0,,2022,0.942,84.656,0.039327,0.924162866,0.97429544,86.129,83.019,15.46640015,14.51823997,16.43499947,12.351169,12.09086443,14.0497124,146673.2415,114828.8343,179045.0686,0.949,,,,28.0,72.0,52.79,67.26,3.736776044,
3366,LTU,Lithuania,Very High,37.0,30.0,2022,0.879,74.293,2.750055,0.89090865,0.866628773,79.13,69.492,16.39982986,17.05356026,15.7968998,13.49810028,13.58351994,13.39519978,38131.23588,33011.65837,43911.68251,1.028,0.098,95.53431702,97.90854645,28.36879433,71.63120567,58.84,67.71,4.962838906,32.8254
3399,LUX,Luxembourg,Very High,20.0,10.0,2022,0.927,82.591,0.647599,0.920482138,0.927310681,84.77,80.445,14.19705009,14.31556988,14.08835983,12.9600811,12.93417865,12.96266954,78554.2364,66697.04897,90255.76002,0.993,0.043,96.57935047,89.32828252,33.33333333,66.66666667,57.99,65.09,13.18539513,49.1903
3432,MDG,Madagascar,Low,177.0,145.0,2022,0.487,65.23,29.611714,0.472722095,0.499980323,67.617,62.97,9.213435879,9.330857735,9.0995213,4.592520237,4.292349815,4.935460091,1463.547925,1223.858425,1702.256419,0.945,0.574,15.90098,21.22050095,17.75147929,82.24852071,78.81,88.91,0.147556758,1.9935
3465,MWI,Malawi,Low,172.0,148.0,2022,0.508,62.898,20.4053165,0.488791013,0.527854022,66.326,59.58,11.50487088,11.5095995,11.4867303,5.243740082,4.292150021,6.395669937,1432.472806,1191.301915,1687.144463,0.926,0.579,12.71358013,26.16975021,22.91666667,77.08333333,63.14,74.55,0.104496076,3.7705
3498,MYS,Malaysia,Very High,63.0,52.0,2022,0.807,76.26,33.9382215,0.79442232,0.816079158,78.799,73.955,12.93247032,13.39496994,12.49645996,10.74828052,10.6902567,10.80320965,27295.41224,19262.03981,34983.46792,0.973,0.202,76.12813868,79.24223022,14.49275362,85.50724638,55.08,80.47,8.305928592,20.8455
3531,MDV,Maldives,High,87.0,76.0,2022,0.762,80.839,0.523787,0.748232807,0.767000753,81.844,80.065,12.17795095,13.33348102,11.23151446,7.762392544,7.869674371,7.655778428,18846.79219,12160.7956,23783.29128,0.976,0.328,46.92806785,46.26936583,4.597701149,95.40229885,53.34,78.21,3.299409156,
3564,MLI,Mali,Low,188.0,153.0,2022,0.41,59.417,22.5935905,0.368306614,0.444000261,60.832,58.068,7.037249603,6.4333433,7.500483095,1.626710057,1.135959983,2.161859989,2043.672433,1332.552257,2741.074418,0.83,0.607,7.999770164,15.48596954,28.57142857,71.42857143,51.51,84.99,0.316284199,3.3041
3597,MLT,Malta,Very High,25.0,35.0,2022,0.915,83.704,0.533286,0.903457283,0.922135095,85.703,81.644,15.86133957,16.6119709,15.20273018,12.21026039,12.00041962,12.40596962,44464.03057,33971.44852,54099.17102,0.98,0.117,82.18309021,88.08731842,27.84810127,72.15189873,56.13,71.22,3.050225155,28.0417
3630,MHL,Marshall Islands,High,102.0,,2022,0.731,65.146,0.041569,0.707670091,0.74847358,67.092,63.546,16.38606071,17.01634026,15.80325031,12.81836718,12.74359657,12.89313779,6855.234566,4517.831534,9096.156737,0.945,,91.6442337,92.46858215,6.060606061,93.93939394,37.34,61.23,3.63686088,
3663,MRT,Mauritania,Low,164.0,150.0,2022,0.54,64.691,4.736139,0.502660511,0.574914848,66.447,62.965,8.051850319,8.160340309,7.957449913,4.754063344,4.11278431,5.779904924,5343.564069,3052.60059,7726.989095,0.874,0.603,16.07508449,27.55589289,20.26143791,79.73856209,30.99,65.71,0.965357551,8.4046
3696,MUS,Mauritius,High,72.0,88.0,2022,0.796,73.975,1.299469,0.783594284,0.802880193,77.128,70.963,14.61009979,15.18282986,14.05863953,9.992049863,9.864661688,10.05361404,23251.62071,15593.82944,31124.12841,0.976,0.369,66.52111097,72.40921213,20.0,80.0,42.21,68.37,3.149474754,
3729,MEX,Mexico,High,77.0,84.0,2022,0.781,74.832,127.5041255,0.769920342,0.786801205,78.161,71.547,14.50529957,14.95950031,14.05300045,9.221050262,9.096670151,9.358039856,19138.00726,13547.80665,25008.11956,0.979,0.352,63.70000076,65.40000153,49.84076433,50.15923567,45.03,76.31,3.699878374,10.2865
3762,FSM,Micronesia (Federated States of),Medium,135.0,,2022,0.634,70.925,0.114164,0.614999084,0.647233381,74.823,67.325,12.615048,12.74115867,12.48893733,7.33252398,6.8911421,7.7825449,3709.154916,2651.536437,4755.53135,0.95,,,,7.142857143,92.85714286,45.01,65.95,1.351795706,
3795,MDA,Moldova (Republic of),High,86.0,41.0,2022,0.763,68.621,3.272996,0.776246379,0.751398863,73.32,64.217,14.90598011,15.38689041,14.44299984,11.8338152,11.87922207,11.78249767,12963.61829,12271.91157,13724.75298,1.033,0.156,96.2943566,98.09250551,40.59405941,59.40594059,71.5,73.71,1.828185213,8.5266
3828,MCO,Monaco,,,,2022,,86.895,0.036469,,,88.881,85.055,18.6915194,19.38840748,18.05397828,,,,,,,,,,,33.33333333,66.66666667,39.51,56.61,,
3861,MNG,Mongolia,High,96.0,72.0,2022,0.741,72.667,3.398366,0.751138056,0.727754095,77.375,68.079,14.51719515,15.2856874,13.77597532,9.423700333,9.949589729,8.847709656,10350.86141,8099.013995,12639.57587,1.032,0.297,79.25840759,73.04766846,17.10526316,82.89473684,53.48,68.4,11.42747646,25.306
3894,MNE,Montenegro,Very High,50.0,33.0,2022,0.844,76.845,0.6270825,0.833396974,0.852441413,80.262,73.48,15.08475971,15.55858994,14.63002968,12.61621288,12.0696905,13.19888451,22513.26314,17543.32196,27749.88278,0.978,0.114,70.8252214,83.66965647,27.16049383,72.83950617,44.41,57.82,3.67088789,
3927,MAR,Morocco,Medium,120.0,110.0,2022,0.698,74.973,37.4579705,0.62769515,0.73722659,77.177,72.896,14.59442043,14.49855042,14.68883991,6.05,5.14,6.98,7954.522461,2967.813616,12875.95846,0.851,0.44,31.9,37.9,21.3592233,78.6407767,19.8,69.6,1.959225801,6.8037
3960,MOZ,Mozambique,Low,183.0,118.0,2022,0.461,59.625,32.9695185,0.443026083,0.477108277,62.688,56.529,10.72532345,10.32496843,11.12771273,3.860090017,3.228760004,4.394440174,1219.241361,1059.588454,1384.984659,0.929,0.477,17.86639977,25.05237961,42.4,57.6,73.94,80.05,0.22416011,2.8564
3993,MMR,Myanmar,Medium,144.0,119.0,2022,0.608,67.256,54.179306,0.582895575,0.619449409,70.478,64.18,12.06090998,12.32135567,11.33528763,6.518157697,6.195670039,6.924247023,4037.705141,2545.032167,5544.449482,0.941,0.479,39.19248558,49.91804481,14.97659906,85.02340094,44.17,78.56,0.66209607,4.5205
4026,NAM,Namibia,Medium,142.0,112.0,2022,0.61,58.059,2.5670125,0.61186765,0.608128294,61.704,54.592,11.75997928,11.74091522,11.76220292,7.243458294,7.515436441,6.957704422,9200.026599,7827.178397,10672.50566,1.006,0.45,42.0822997,44.98894249,35.61643836,64.38356164,54.12,61.19,1.475168873,9.1528
4059,NRU,Nauru,Medium,122.0,,2022,0.696,64.014,0.012668,0.708418745,0.683031041,67.841,60.52,12.56089218,14.37941093,11.04382186,9.247975,9.327438733,9.168511267,14938.55659,11557.62601,18213.35695,1.037,,,,10.52631579,89.47368421,56.79,73.63,4.278315083,
4092,NPL,Nepal,Medium,146.0,126.0,2022,0.601,70.484,30.54758,0.56228259,0.635119215,72.364,68.608,12.64451981,12.82380009,12.46627045,4.485598758,3.424288376,5.71329857,4025.554685,2608.972525,5563.52862,0.885,0.495,25.97287447,42.77925595,33.83233533,66.16766467,27.91,54.95,0.520339794,8.4528
4125,NLD,Netherlands,Very High,10.0,5.0,2022,0.946,82.451,17.564014,0.925345508,0.964330297,83.904,80.944,18.58348083,18.94418907,18.23270988,12.58162975,12.3527298,12.81820965,57278.31015,44138.75911,70575.20185,0.96,0.025,89.80818939,92.67472839,37.77777778,62.22222222,63.58,72.35,7.99391099,29.8181
4158,NZL,New Zealand,Very High,16.0,23.0,2022,0.939,83.006,5.1852885,0.923885929,0.952721713,84.726,81.251,19.68234062,20.16286087,19.19734955,12.94468975,12.93587971,12.95394039,43665.49848,34940.48724,52542.06324,0.97,0.082,82.03005219,81.80406952,50.42016807,49.57983193,66.9,75.87,6.690024635,25.1939
4191,NIC,Nicaragua,Medium,130.0,97.0,2022,0.669,74.615,6.948392,0.647449551,0.6821586,77.556,71.613,12.58347787,12.26851409,12.83280479,7.26,7.54,6.95,5426.50618,3596.019567,7310.893926,0.949,0.397,49.4265712,40.25622896,51.64835165,48.35164835,48.61,81.06,0.78595264,9.9662
4224,NER,Niger,Low,189.0,155.0,2022,0.394,62.08,26.2079765,0.353647715,0.428138733,63.401,60.816,7.186131428,6.492571987,7.857345925,1.341352433,0.965615989,1.772790407,1283.309235,892.9687724,1662.527106,0.826,0.609,2.578340428,4.483989669,25.90361446,74.09638554,64.56,96.49,0.120343462,3.5047
4257,NGA,Nigeria,Low,161.0,165.0,2022,0.548,53.633,218.5412115,0.514786405,0.580873335,53.968,53.295,10.51407,10.2043,10.83738,7.585969925,6.556469917,8.700360298,4754.836408,4110.221793,5385.706047,0.886,0.677,42.39007187,57.8144989,4.47761194,95.52238806,77.04,85.66,0.614401064,3.6733
4290,MKD,North Macedonia,High,83.0,38.0,2022,0.765,73.888,2.0935985,0.74369174,0.783022218,76.16,71.733,13.00483036,13.4289999,12.60997009,10.22815037,9.653639793,10.8074398,16395.75173,11525.75224,21296.31224,0.95,0.134,61.9025116,75.12754822,41.66666667,58.33333333,42.22,64.14,3.65558424,11.6302
4323,NOR,Norway,Very High,2.0,2.0,2022,0.966,83.393,5.434319,0.957147512,0.970415403,85.055,81.718,18.63846016,19.5213604,17.80384064,13.06234279,13.21011267,12.91269245,69189.76165,61067.47743,77164.33022,0.986,0.012,99.09403104,99.27497953,44.9704142,55.0295858,62.53,69.59,7.573540802,32.0515
4356,OMN,Oman,Very High,59.0,66.0,2022,0.819,73.935,4.576298,0.780083394,0.832785671,76.046,72.356,12.96403027,13.46502972,12.58940983,11.89274979,12.27042007,11.69499016,32967.43827,13055.18531,45769.09652,0.937,0.267,93.2646637,98.6502533,9.941520468,90.05847953,34.97,83.84,15.67723806,48.9599
4389,PAK,Pakistan,Low,164.0,135.0,2022,0.54,66.431,235.8248625,0.479544875,0.574877828,68.918,64.134,7.89510849,7.336258257,8.426956754,4.422319019,3.928515917,4.793410015,5374.270423,2120.097428,8571.08282,0.834,0.522,22.04421511,26.87501103,20.13574661,79.86425339,24.53,80.67,0.965638962,4.2447
4422,PLW,Palau,High,71.0,,2022,0.797,65.362,0.0180545,0.802126774,0.796834796,69.314,62.2,17.21987569,18.34244991,16.88344295,13.04790021,13.34296124,12.75283918,19343.81199,15158.95089,23217.78239,1.007,,96.88913727,97.33132172,6.896551724,93.10344828,59.82,73.61,12.30304039,
4455,PSE,"Palestine, State of",High,111.0,,2022,0.716,73.444,5.250072,0.648750215,0.73707141,75.948,71.024,13.15474033,13.95713997,12.35840988,9.938480377,9.916460037,9.960129738,6936.258684,2133.98822,11758.99805,0.88,,67.92896271,67.63430786,,,18.58,70.73,0.667726135,7.1448
4488,PAN,Panama,Very High,57.0,96.0,2022,0.82,76.826,4.4085805,0.826278511,0.812639239,80.091,73.726,13.21381473,13.86388663,12.58595392,10.68696295,10.94374988,10.40059663,32029.36025,27610.88808,36447.35037,1.017,0.392,67.56999969,65.61000061,22.53521127,77.46478873,49.71,76.98,2.690641599,11.1144
4521,PNG,Papua New Guinea,Medium,154.0,151.0,2022,0.568,65.958,10.1426185,0.54619893,0.589011335,69.172,63.378,11.12736798,10.52003111,11.70354792,4.933631146,4.215786493,5.658960236,3710.326885,3218.98017,4171.434912,0.927,0.604,26.34166408,37.4968198,1.739130435,98.26086957,46.01,48.01,0.798668307,3.4188
4554,PRY,Paraguay,High,102.0,106.0,2022,0.731,70.475,6.780744,0.727869625,0.732240438,73.571,67.645,13.91056957,14.58406313,13.27027902,8.861840248,8.856229782,8.867710114,13161.07522,10348.65536,15954.05195,0.994,0.429,54.31000137,53.34999847,16.8,83.2,59.06,82.38,1.381977592,15.3865
4587,PER,Peru,High,87.0,85.0,2022,0.762,73.385,34.0495885,0.742111156,0.779496671,75.495,71.332,14.80487907,14.88586691,14.72138383,10.01696229,9.449307529,10.59717016,11916.35952,9515.281407,14365.2136,0.952,0.36,55.56000137,66.72000122,40.0,60.0,66.73,82.43,1.674913573,7.7641
4620,PHL,Philippines,High,113.0,92.0,2022,0.71,72.187,115.559009,0.694156215,0.718281318,74.174,70.218,12.78335953,13.21805954,12.37481022,8.971409559,9.24822052,8.691971992,9058.840558,6178.765308,11850.59109,0.966,0.388,74.41607525,69.9263245,27.46268657,72.53731343,44.06,68.77,1.253546618,6.7559
4653,POL,Poland,Very High,36.0,31.0,2022,0.881,76.996,39.8571455,0.884045116,0.875937118,80.796,73.233,15.93451977,16.7074604,15.1922102,13.1647501,13.34002972,12.96819973,35150.9519,27366.28107,43446.29766,1.009,0.105,86.51820374,90.7297821,27.5,72.5,50.09,65.51,8.642569909,16.5107
4686,PRT,Portugal,Very High,42.0,21.0,2022,0.874,82.24,10.270865,0.872538804,0.874035328,84.93,79.308,16.82140923,17.07019997,16.57933044,9.575940132,9.607560158,9.538669586,35314.99828,31845.37525,39198.81947,0.998,0.076,59.74694061,61.92316818,36.95652174,63.04347826,54.7,63.12,3.881234231,14.3058
4719,QAT,Qatar,Very High,40.0,54.0,2022,0.875,81.559,2.695122,0.892561376,0.869100423,83.101,80.626,13.26426983,15.28956032,12.64908981,10.1317219,11.79638314,9.737610384,95944.37754,47963.67663,114134.8423,1.027,0.212,81.8327411,71.4179765,4.444444444,95.55555556,61.73,95.33,39.88427351,63.5912
4752,ROU,Romania,Very High,53.0,57.0,2022,0.827,74.117,19.6592665,0.817798791,0.833503726,77.619,70.724,14.50753021,15.04965019,13.99917984,11.36019615,11.09125994,11.65099415,31641.38368,22594.6875,41297.21764,0.981,0.23,89.36717029,93.99737853,18.88412017,81.11587983,42.29,62.04,3.993603248,15.9587
4785,RUS,Russian Federation,Very High,56.0,43.0,2022,0.821,70.116,144.713314,0.829113224,0.811700148,75.702,64.689,15.66174936,15.84734259,15.48440459,12.41152954,12.48219967,12.32425976,26991.84961,21781.1736,33000.80885,1.021,0.178,98.27648926,98.94474792,17.77059774,82.22940226,55.53,70.33,11.79848928,11.351
4818,RWA,Rwanda,Low,161.0,98.0,2022,0.548,67.129,13.7766975,0.523555778,0.568669607,69.244,64.813,11.38352013,11.49433041,11.28065968,4.878310204,4.522069931,5.351920128,2316.809277,1662.218331,3000.009352,0.921,0.4,14.60159969,18.73987961,54.71698113,45.28301887,54.76,66.21,0.115399861,3.4127
4851,KNA,Saint Kitts and Nevis,Very High,51.0,,2022,0.838,72.027,0.0476575,,,75.666,68.682,18.40703011,19.72978973,17.04659081,10.8494008,11.1219032,10.5768984,28441.68074,,,,,,,31.25,68.75,,,4.672520271,
4884,LCA,Saint Lucia,High,108.0,82.0,2022,0.725,71.294,0.1798575,0.728905001,0.719471901,74.887,68.005,12.71032047,13.39239979,12.05115986,8.576973425,8.837794323,8.326679395,14778.3463,11815.12887,17806.87554,1.013,0.347,50.00593172,44.02722023,24.13793103,75.86206897,62.66,75.83,2.594252189,
4917,VCT,Saint Vincent and the Grenadines,High,81.0,,2022,0.772,68.972,0.1039475,,,71.731,66.693,16.2530213,16.42287899,16.09251246,10.99625387,11.03757668,10.98694817,14049.14799,,,,,43.63830469,41.79062887,18.18181818,81.81818182,,,2.267377219,
4950,WSM,Samoa,High,116.0,101.0,2022,0.702,72.598,0.222382,0.686605036,0.709133201,75.333,70.146,12.4364,12.98814,11.93062,11.36735585,11.76791141,10.95704259,4970.232074,3314.285804,6562.379682,0.968,0.406,92.44230652,86.98742676,12.96296296,87.03703704,49.8,80.63,1.153480463,
4983,SMR,San Marino,Very High,43.0,,2022,0.867,83.433,0.0336605,0.852912779,0.883209541,84.733,82.036,12.40295982,11.98106003,12.88761044,10.52074301,10.6984396,10.51924979,57686.54334,50410.10236,65363.01089,0.966,,81.75823975,84.284729,33.33333333,66.66666667,70.36,70.58,,
5016,STP,Sao Tome and Principe,Medium,141.0,,2022,0.613,68.794,0.2273795,,,71.938,66.054,12.6637182,12.93469946,12.4790407,5.915788918,5.273353992,6.690563659,4054.106945,,,,,42.87084032,52.81669149,14.54545455,85.45454545,,,0.653094703,
5049,SAU,Saudi Arabia,Very High,40.0,55.0,2022,0.875,77.905,36.40882,0.832017761,0.896577417,79.525,76.666,15.17204484,15.52692067,14.817169,11.31052971,10.73622036,11.67045021,50620.43706,24647.00035,69723.10773,0.928,0.229,71.27487946,80.92530823,19.86754967,80.13245033,34.46,79.64,17.56422655,27.1018
5082,SEN,Senegal,Low,169.0,129.0,2022,0.517,67.913,17.316449,0.495771393,0.5361777,70.2,65.473,9.144550323,9.885959625,8.420060158,2.88736686,2.344075379,3.749680778,3463.806076,2256.290564,4711.642134,0.925,0.505,9.153320224,19.04797925,44.24242424,55.75757576,39.31,68.37,0.683799933,6.2689
5115,SRB,Serbia,Very High,65.0,36.0,2022,0.805,74.137,7.2213655,0.799076289,0.810054566,76.975,71.276,14.50444031,15.19604015,13.84924984,11.5047611,11.18731102,11.85118344,19494.00891,15909.29829,23388.21081,0.986,0.119,89.87883544,96.0627568,36.55462185,63.44537815,50.97,66.1,6.017170065,14.4583
5148,SYC,Seychelles,Very High,67.0,,2022,0.802,71.738,0.1071185,0.828841854,0.778751744,76.042,68.237,13.89179039,15.44649982,12.60849953,11.19995,12.03576,10.36414,28385.74806,24755.95126,31650.50554,1.064,,,,22.85714286,77.14285714,65.23,65.25,6.223478694,
5181,SLE,Sierra Leone,Low,184.0,157.0,2022,0.458,60.411,8.605718,0.432336767,0.488413833,61.693,59.115,9.016348244,9.446272874,8.966736887,3.519426358,2.426674879,4.805853409,1612.666542,1325.681618,1898.409207,0.885,0.613,14.52282018,33.86528526,12.32876712,87.67123288,48.28,55.91,0.131795192,3.1771
5214,SGP,Singapore,Very High,9.0,8.0,2022,0.949,84.133,5.9756885,0.945324824,0.95407755,86.295,81.981,16.90273094,17.03401947,16.81064034,11.92488003,11.62705994,12.2547102,88761.14559,76610.8678,99844.2365,0.991,0.036,80.46401978,85.93203735,29.12621359,70.87378641,63.37,77.0,9.397481258,43.1508
5247,SVK,Slovakia,Very High,45.0,46.0,2022,0.855,75.33,5.643453,0.855647033,0.853861092,78.813,71.929,14.72154999,15.27138042,14.19748974,13.00719575,12.98776118,13.02834917,32171.24606,26633.64435,37966.64017,1.002,0.184,98.7970428,99.11751898,21.33333333,78.66666667,56.18,67.25,6.455440557,14.1896
5280,SVN,Slovenia,Very High,22.0,13.0,2022,0.926,82.133,2.119844,0.923820774,0.924914759,84.616,79.626,17.40657997,18.34461021,16.58584023,12.88015724,12.93550703,12.82303929,41586.89849,35263.69953,47842.54054,0.999,0.049,97.76996212,98.81544466,33.07692308,66.92307692,54.25,63.58,6.16209228,17.3827
5313,SLB,Solomon Islands,Medium,156.0,,2022,0.562,70.742,0.7242725,0.554388815,0.57817317,72.358,69.294,10.30071445,11.0673969,9.664592558,5.8796802,5.509549573,6.84283385,2273.311097,1997.656674,2537.394949,0.959,,,,8.0,92.0,82.94,85.98,0.426699969,
5346,SOM,Somalia,Low,193.0,164.0,2022,0.38,56.107,17.597511,0.327082937,0.425210819,58.233,54.072,7.647232333,7.5813078,8.34582125,1.900300026,0.885770023,2.914999962,1072.201461,578.2964179,1563.454431,0.769,0.674,4.449260235,17.77499962,20.73170732,79.26829268,22.32,49.31,0.038125863,3.1855
5379,ZAF,South Africa,High,110.0,99.0,2022,0.717,61.48,59.8938855,0.710137452,0.720676609,64.181,58.597,14.26364994,14.84506989,13.69876003,11.60696983,11.4988699,11.72364044,13185.56419,10423.35232,16095.30677,0.985,0.401,83.04311371,84.88062286,45.37444934,54.62555066,50.82,63.46,7.166394002,6.6569
5412,SSD,South Sudan,Low,192.0,,2022,0.381,55.567,10.9131635,,,57.047,54.036,5.634770141,4.510310007,6.738390029,5.726140022,4.762169838,6.189479828,690.6607575,,,,,26.53763962,36.35723877,32.33438486,67.66561514,,,0.171581069,3.5608
5445,ESP,Spain,Very High,27.0,15.0,2022,0.911,83.912,47.5586295,0.901995576,0.913042885,86.549,81.2,17.80905914,18.43926048,17.20244026,10.60540009,10.52787018,10.68844986,40043.33773,32834.64684,47542.89462,0.988,0.059,78.534729,83.16280365,41.36807818,58.63192182,53.19,62.86,4.849112709,13.2792
5478,LKA,Sri Lanka,High,78.0,90.0,2022,0.78,76.61,21.832143,0.750765016,0.792700012,80.23,72.851,13.64182201,14.11550272,13.18408462,11.24960995,11.12806034,11.38661957,11899.49847,6241.114077,17989.8154,0.947,0.376,80.6453476,83.28645325,5.333333333,94.66666667,29.68,70.69,0.924001861,4.9743
5511,SDN,Sudan,Low,170.0,140.0,2022,0.516,65.578,46.874204,0.472282386,0.543959635,68.184,63.048,8.501687381,8.280140314,8.723298593,3.87,3.5,4.23,3514.765869,1750.002217,5282.106061,0.868,0.548,17.0,20.4,31.04166667,68.95833333,28.04,69.07,0.485910197,4.2923
5544,SUR,Suriname,Medium,124.0,100.0,2022,0.69,70.289,0.6180405,0.68338723,0.692380914,73.577,67.189,10.95909977,11.33802032,10.58965015,8.388631804,8.558285912,8.20187956,12309.99659,8820.008976,15831.64226,0.987,0.405,45.46498871,42.28636169,29.41176471,70.58823529,42.3,61.69,6.007651084,
5577,SWE,Sweden,Very High,5.0,4.0,2022,0.952,83.505,10.549347,0.940947399,0.957393264,85.092,81.902,19.03676987,20.65983009,17.5142498,12.67372015,12.84683271,12.49767169,56995.84796,47827.87972,66019.1684,0.983,0.023,92.36278933,92.70197297,46.41833811,53.58166189,63.68,70.38,3.680562051,26.6793
5610,CHE,Switzerland,Very High,1.0,3.0,2022,0.967,84.255,8.740472,0.949369073,0.977382747,85.932,82.484,16.5837307,16.67786026,16.49819946,13.90406622,13.5494734,14.2685357,69432.78669,56927.80503,82109.4843,0.971,0.018,96.93972611,97.5174373,39.02439024,60.97560976,61.49,71.94,4.117550141,33.5913
5643,SYR,Syrian Arab Republic,Medium,157.0,123.0,2022,0.557,72.3,22.1252485,0.480880713,0.597196215,76.117,68.671,7.418754527,7.170177367,7.667331688,5.736797587,5.417379107,6.664290294,3594.10679,1048.66503,6132.19446,0.805,0.487,24.05722504,31.98297212,11.2,88.8,14.43,68.9,1.276342693,
5676,TJK,Tajikistan,Medium,126.0,67.0,2022,0.679,71.288,9.952787,0.646830216,0.704031627,73.518,69.189,10.86102637,10.43384543,11.27416828,11.28955089,10.89829118,11.64002201,4807.213923,3294.847257,6300.051626,0.919,0.269,93.57733366,94.01243126,26.59574468,73.40425532,33.31,52.09,1.02362405,4.4108
5709,TZA,Tanzania (United Republic of),Low,167.0,131.0,2022,0.532,66.782,65.497748,0.516106183,0.548772873,68.93,64.72,8.585740089,8.723759651,8.450329781,5.639967963,5.104927611,6.280633125,2578.156006,2194.923507,2970.337277,0.94,0.513,9.29535266,14.31607304,36.8556701,63.1443299,75.5,84.52,0.24245485,3.4043
5742,THA,Thailand,Very High,66.0,74.0,2022,0.803,79.68,71.6970295,0.807009612,0.798492422,83.929,75.473,15.58131027,15.88201046,15.29454041,8.834560711,8.724169622,8.952895873,16886.51113,15289.05253,18579.65531,1.011,0.31,49.31797153,53.02398051,13.97557666,86.02442334,59.86,75.96,3.732051446,11.7813
5775,TLS,Timor-Leste,Medium,155.0,103.0,2022,0.566,69.056,1.341296,0.534121006,0.590660294,70.815,67.435,13.24177562,13.4255446,13.07257379,6.020059751,5.50932282,6.620224056,1629.160441,1145.36569,2094.126343,0.904,0.415,33.4715131,39.79870998,40.0,60.0,27.91,41.38,0.502444468,
5808,TGO,Togo,Low,163.0,147.0,2022,0.547,61.588,8.8486985,0.505056237,0.595597935,62.227,60.946,12.96236085,12.54580104,14.30199431,5.590314011,4.189005873,7.173578732,2214.233649,1743.967858,2679.451158,0.848,0.578,13.50093241,33.07840422,18.68131868,81.31868132,79.78,98.58,0.295656513,2.4659
5841,TON,Tonga,High,98.0,115.0,2022,0.739,71.27,0.1068575,0.736014254,0.738976359,74.123,68.581,16.28749084,17.36092949,15.22014999,10.88028609,10.95345124,10.79560787,6360.178905,5050.794003,7698.341634,0.996,0.462,93.74305134,93.38483877,3.703703704,96.2962963,42.96,54.89,1.803201373,
5874,TTO,Trinidad and Tobago,Very High,60.0,64.0,2022,0.814,74.708,1.5310445,0.808990149,0.81528778,78.153,71.307,14.1010764,14.4262109,13.75127715,11.73800258,11.8669197,11.61312459,22473.03876,17088.10549,28006.77469,0.992,0.264,86.02335869,81.88103187,32.43243243,67.56756757,47.28,62.37,23.28987463,
5907,TUN,Tunisia,High,101.0,59.0,2022,0.732,74.263,12.356117,0.697668769,0.751413753,77.408,71.367,14.61953746,15.51537756,13.75383953,7.953393173,7.277901917,8.691025971,10296.6496,5198.379008,15528.15685,0.928,0.237,40.01865832,47.17494938,26.26728111,73.73271889,29.25,71.81,2.874056528,6.722
5940,TUR,TÃ¼rkiye,Very High,45.0,63.0,2022,0.855,78.475,85.341241,0.824979289,0.876372827,81.495,75.38,19.68494987,19.56439018,19.80443954,8.811284129,8.07304427,9.565563719,32833.53512,20537.51796,45076.75429,0.941,0.259,59.08446032,78.12152062,17.35395189,82.64604811,35.11,71.43,5.340025274,13.8333
5973,TKM,Turkmenistan,High,94.0,,2022,0.744,69.41,6.4307705,,,72.916,65.916,13.24057961,13.24944973,13.23244953,11.14299353,10.83326343,11.47497743,12859.87406,,,,,98.05849678,98.43949646,25.73099415,74.26900585,,,11.03383789,10.6776
6006,TUV,Tuvalu,Medium,132.0,,2022,0.653,64.854,0.0113115,0.643276599,0.659490041,69.391,61.136,12.10158014,12.42263985,11.83052015,10.64458626,10.46696417,10.81373917,4754.453732,3378.31189,6062.607191,0.975,,58.06927872,58.50217056,6.25,93.75,20.03,29.63,1.023741521,
6039,UGA,Uganda,Medium,159.0,138.0,2022,0.55,63.638,47.249585,0.521807851,0.580322356,65.703,61.486,11.49553237,11.14553059,11.89354635,6.235476362,5.15520031,7.698595172,2240.585404,1890.385283,2597.473697,0.899,0.527,10.79458253,20.43357187,33.81294964,66.18705036,74.53,84.24,0.132002209,3.2829
6072,UKR,Ukraine,High,100.0,48.0,2022,0.734,68.564,39.701739,0.741323069,0.726191704,73.904,63.525,13.32800961,13.54051018,13.12753963,11.12330123,11.43926415,10.72435068,11416.2168,9024.546023,14232.99303,1.021,0.188,95.65286698,93.48713834,20.33096927,79.66903073,47.77,62.87,4.827623136,9.788
6105,ARE,United Arab Emirates,Very High,17.0,7.0,2022,0.937,79.196,9.4411285,0.922939594,0.936027371,81.412,77.72,17.20813942,19.75328064,16.37989998,12.77375031,12.58837032,12.90589046,74103.71494,51509.56703,84087.84953,0.986,0.035,82.02913666,86.14517212,50.0,50.0,55.32,89.45,25.33327567,28.1632
6138,GBR,United Kingdom,Very High,15.0,28.0,2022,0.94,82.156,67.5089355,0.926495468,0.948877869,83.834,80.439,17.6342907,18.20903969,17.05068016,13.4061203,13.44999981,13.36056995,46623.90269,35910.26203,57590.60505,0.976,0.094,99.80036926,99.80490875,31.32022472,68.67977528,59.1,67.98,5.164383683,18.6514
6171,USA,United States,Very High,20.0,44.0,2022,0.927,78.203,338.289857,0.927692516,0.923404861,81.015,75.479,16.41274071,17.26275063,15.58568954,13.57549953,13.65357018,13.49328995,65564.93798,53469.38514,77898.33045,1.005,0.18,95.42427826,95.0670929,28.06026365,71.93973635,56.79,67.97,14.93248748,29.3498
6204,URY,Uruguay,Very High,52.0,60.0,2022,0.83,78.0,3.4227935,0.831896781,0.815519884,81.685,74.147,17.35183907,18.79310989,15.94713974,9.058219782,9.333094784,8.746097519,22206.99029,17426.18154,27293.52199,1.02,0.24,62.52999878,59.29999924,26.92307692,73.07692308,55.65,71.38,2.364765079,11.1654
6237,UZB,Uzbekistan,High,106.0,61.0,2022,0.727,71.674,34.6276525,0.69122666,0.748479369,74.293,69.032,11.99291039,12.0212698,11.96601009,11.91114998,11.74777031,12.07958031,8055.910265,4390.288212,11715.57914,0.924,0.242,99.95729828,100.0,29.09836066,70.90163934,39.92,73.14,3.414998582,5.6207
6270,VUT,Vanuatu,Medium,140.0,,2022,0.614,70.492,0.3267405,0.591156966,0.631348601,73.067,68.316,11.81160992,11.88515019,11.7450099,7.183209727,6.59341665,7.503930975,3243.980494,2445.40719,4033.438452,0.936,,,,1.923076923,98.07692308,26.65,36.36,0.658901976,
6303,VEN,Venezuela (Bolivarian Republic of),Medium,119.0,134.0,2022,0.699,71.105,28.3016955,0.694737413,0.693063804,75.655,66.875,13.50206427,14.26300396,12.38682871,9.628154421,9.786442835,9.469866006,6184.136,4284.554861,8125.532772,1.002,0.521,80.95437283,76.40734894,22.15568862,77.84431138,45.21,70.57,2.539494247,9.3521
6336,VNM,Viet Nam,High,107.0,91.0,2022,0.726,74.58,98.186856,0.728526748,0.723329688,79.29,69.927,13.05294705,13.33436295,12.79269728,8.455348794,8.138282269,8.789583701,10813.98273,9614.831954,12042.41379,1.007,0.378,61.47644004,69.48935602,30.26052104,69.73947896,68.54,77.84,3.617121467,10.7614
6369,YEM,Yemen,Low,186.0,166.0,2022,0.424,63.72,33.696614,0.219081434,0.480185337,67.222,60.493,7.935313345,6.881697407,8.919806255,2.776825958,1.754562204,3.587975855,1105.763435,149.9716669,2041.915582,0.456,0.82,23.7,38.2,0.294117647,99.70588235,5.84,64.69,0.351346981,1.7087
6402,ZMB,Zambia,Medium,153.0,137.0,2022,0.569,61.803,20.017675,0.548135168,0.589347481,64.51,59.058,11.01797045,11.07545672,10.98388292,7.284893177,6.432586008,8.32623795,3157.35862,2530.868643,3800.49076,0.93,0.526,33.73203586,51.36293324,15.06024096,84.93975904,54.16,66.36,0.444879802,2.9676
6435,ZWE,Zimbabwe,Medium,159.0,132.0,2022,0.55,59.391,16.320537,0.531924151,0.56831468,62.094,56.428,11.02558696,10.69515879,11.3758358,8.807762621,8.190792855,9.59072389,2078.918063,1761.97986,2433.257978,0.936,0.519,63.43482439,73.59148496,33.62573099,66.37426901,60.01,71.59,0.524974984,3.7428
6468,ZZA.VHHD,Very high human development,,,,2022,0.902,79.30936718,1645.245147,0.894829843,0.906141316,82.28935103,76.41257437,16.62957943,17.13670212,16.14871933,12.25291239,12.16380349,12.34765346,44957.6155,34726.03244,55442.31891,0.988,0.15,87.74869211,90.05833538,29.28660826,70.71339174,53.95141874,69.36174596,9.538905083,20.97884894
6501,ZZB.HHD,High human development,,,,2022,0.764,75.20367977,2890.910223,0.747356518,0.777042686,77.98377866,72.54429276,14.49302071,14.84762593,14.16626141,8.639074691,8.327576665,8.959978102,15483.82237,10904.04153,20011.16292,0.962,0.339,74.02447772,78.43011706,26.02366495,73.97633505,49.76996913,74.16047152,5.528362267,16.85704484
6534,ZZC.MHD,Medium human development,,,,2022,0.64,67.95257009,2169.348015,0.587354107,0.675311783,69.92210812,66.12952454,12.31547579,12.31428992,12.30552155,6.678403158,5.760893371,7.641517133,6444.262021,3126.605714,9637.698246,0.87,0.476,40.52984516,55.63136065,22.95612563,77.04387437,34.18001279,75.71958807,1.590683708,5.018153464
6567,ZZD.LHD,Low human development,,,,2022,0.517,61.6473648,1208.999528,0.478129736,0.550552029,63.71377185,59.68194968,9.252116393,8.906072044,9.631500147,4.665130408,3.872106413,5.495207549,3185.925418,2072.734184,4368.30271,0.868,0.579,21.26780405,31.91179105,23.99646554,76.00353446,50.75273457,77.49500914,0.444929203,3.515934707
6600,ZZE.AS,Arab States,,,,2022,0.704,71.30941731,459.3184585,0.645935202,0.736282086,73.46401045,69.33299093,11.89554064,11.83396355,12.0008641,7.764183628,7.198566806,8.319691209,14390.85059,5467.690945,22726.35323,0.877,0.523,51.02183736,57.43063419,18.31013917,81.68986083,19.8566886,70.17321105,4.557463273,9.986162504
6633,ZZF.EAP,East Asia and the Pacific,,,,2022,0.766,76.21549145,2149.26182,0.749141503,0.779044405,78.98557468,73.57184522,14.48271468,14.80642091,14.17675477,8.217525389,7.752528603,8.689207034,16137.69892,11938.97241,20216.14973,0.962,0.34,72.53284069,79.03947561,21.01043522,78.98956478,53.99336719,75.41559632,6.167173533,19.28229422
6666,ZZG.ECA,Europe and Central Asia,,,,2022,0.802,73.56457485,247.791584,0.78508398,0.815007084,77.02172376,70.18280354,15.50542354,15.5285273,15.48482443,10.60917907,10.39069397,10.84875898,19762.98177,13572.96853,26631.48742,0.963,0.224,83.74882824,89.89922475,26.01251235,73.98748765,45.38850278,69.5916348,5.308463125,10.90787524
6699,ZZH.LAC,Latin America and the Caribbean,,,,2022,0.763,73.71508542,655.268078,0.758013976,0.765042416,76.88650989,70.61792361,14.7838412,15.34123318,14.2179872,8.967833002,9.00199674,8.928381799,15109.40615,11502.91753,18822.66105,0.991,0.386,64.35982984,64.2025827,34.10083366,65.89916634,51.62520425,75.3013743,2.629328545,12.35431173
6732,ZZI.SA,South Asia,,,,2022,0.641,68.44154341,2007.549714,0.580274395,0.678378449,70.38433943,66.66829443,11.87464212,11.7738884,11.96732735,6.629606612,5.739562614,7.530264763,6971.625949,2958.327086,10808.31513,0.855,0.478,40.90305962,55.67727654,17.93007961,82.06992039,28.11005464,76.3079512,1.875160671,4.882849949
6765,ZZJ.SSA,Sub-Saharan Africa,,,,2022,0.549,60.63969999,1146.742474,0.525080667,0.573585129,62.6219532,58.70798644,10.31800779,10.1661443,10.51037631,5.975956597,5.190163834,6.874385639,3666.202926,3024.774319,4388.270245,0.915,0.565,30.864417,42.04596716,26.3602156,73.6397844,63.91919229,76.42898137,0.7202711,3.78697692
6798,ZZK.WORLD,World,,,,2022,0.739,72.00406985,7940.608797,0.719487966,0.756394784,74.53230736,69.59936281,12.98976611,13.08221831,12.90784074,8.661597531,8.231362311,9.118253333,17254.43404,12515.5181,22034.76633,0.951,0.462,64.11855785,70.96741101,26.18454936,73.81545064,46.79992632,73.88052168,4.497895101,12.4705597
